,grid,n_agents,n_hectares
0,grid_-45.1_169.2,114,8489
1,grid_-45.1_170.8,231,27713
2,grid_-39.3_174.8,11,827
3,grid_-39.7_175.8,116,20050
4,grid_-39.7_174.4,142,8703
5,grid_-45.7_169.6,9,5253
6,grid_-38.3_177.6,6,608
7,grid_-37.3_174.4,14,735
8,grid_-38.9_175.8,4,230
9,grid_-38.5_175.4,20,8709
10,grid_-43.1_171.8,3,5870
11,grid_-41.9_172.4,27,2746
12,grid_-38.3_176.4,29,3911
13,grid_-41.7_172.4,16,936
14,grid_-35.7_174.2,305,18563
15,grid_-36.5_174.0,14,1789
16,grid_-43.3_172.8,3,358
17,grid_-35.1_173.4,103,7013
18,grid_-44.5_171.0,378,27874
19,grid_-38.5_176.4,83,7832
20,grid_-39.9_174.2,1,28
21,grid_-34.7_173.0,9,1258
22,grid_-43.1_170.6,29,2933
23,grid_-44.1_171.0,109,9283
24,grid_-45.1_170.0,56,18490
25,grid_-41.5_172.0,23,1605
26,grid_-44.7_170.4,33,14313
27,grid_-39.3_173.6,50,2881
28,grid_-43.5_171.2,9,4366
29,grid_-39.5_176.6,158,17753
30,grid_-39.3_178.0,1,10
31,grid_-35.5_173.8,279,18591
32,grid_-41.1_173.4,1,12
33,grid_-38.5_177.8,98,9343
34,grid_-36.5_174.2,65,8384
35,grid_-39.3_175.0,19,537
36,grid_-41.3_172.6,4,15
37,grid_-42.9_173.4,2,193
38,grid_-37.7_176.0,129,2865
39,grid_-46.5_169.8,11,1329
40,grid_-41.9_173.2,11,280
41,grid_-38.5_176.8,35,2529
42,grid_-36.5_174.4,292,16600
43,grid_-37.9_174.6,14,539
44,grid_-38.1_175.0,242,16717
45,grid_-43.5_172.0,272,28364
46,grid_-43.9_170.8,10,5059
47,grid_-44.9_168.6,3,1063
48,grid_-43.1_171.2,1,2
49,grid_-39.3_173.8,294,21298
50,grid_-44.1_169.8,3,385
51,grid_-40.3_175.2,259,25197
52,grid_-41.7_171.8,12,423
53,grid_-41.9_174.0,113,15626
54,grid_-38.7_176.8,5,434
55,grid_-46.1_168.2,175,25858
56,grid_-39.7_176.4,176,26885
57,grid_-40.5_176.2,96,16946
58,grid_-45.1_169.0,101,4857
59,grid_-36.7_174.2,99,6731
60,grid_-46.7_169.4,38,5616
61,grid_-42.1_171.4,4,181
62,grid_-38.1_176.0,168,11343
63,grid_-40.3_176.4,118,25016
64,grid_-44.7_169.8,13,7595
65,grid_-37.9_175.0,325,17053
66,grid_-42.5_171.6,32,4349
67,grid_-45.3_170.4,26,6242
68,grid_-40.3_176.2,156,20920
69,grid_-45.3_170.0,126,28888
70,grid_-34.9_173.4,2,53
71,grid_-39.1_177.6,76,7923
72,grid_-40.7_175.2,351,20071
73,grid_-45.1_168.8,86,3991
74,grid_-41.9_174.2,6,1979
75,grid_-40.5_176.6,41,3907
76,grid_-46.1_170.2,112,4870
77,grid_-37.9_176.0,317,10669
78,grid_-38.9_174.8,23,3902
79,grid_-35.9_173.4,19,2345
80,grid_-43.5_169.8,16,2697
81,grid_-38.9_175.2,166,15277
82,grid_-43.1_172.2,14,6861
83,grid_-41.9_172.0,4,158
84,grid_-43.5_170.6,1,29
85,grid_-43.1_171.0,33,3247
86,grid_-41.3_173.8,22,1122
87,grid_-37.3_175.4,284,17915
88,grid_-39.5_173.6,39,2413
89,grid_-43.9_170.2,2,1885
90,grid_-45.1_168.6,116,5171
91,grid_-46.1_169.8,70,12316
92,grid_-39.5_175.2,155,18166
93,grid_-37.1_174.4,26,723
94,grid_-42.3_172.2,24,3600
95,grid_-38.3_176.2,115,11561
96,grid_-35.7_174.0,253,23082
97,grid_-46.5_168.8,169,24580
98,grid_-40.9_176.2,10,673
99,grid_-46.5_168.6,229,32024
100,grid_-38.3_178.0,10,6462
101,grid_-36.3_175.2,3,78
102,grid_-44.3_169.2,12,705
103,grid_-43.3_171.6,12,2587
104,grid_-35.1_173.2,275,17037
105,grid_-43.3_171.8,16,6750
106,grid_-35.3_174.2,5,338
107,grid_-40.9_175.8,60,13525
108,grid_-44.1_171.8,127,20112
109,grid_-42.1_172.4,6,2615
110,grid_-44.3_171.0,297,27159
111,grid_-39.7_176.0,18,6415
112,grid_-45.5_170.0,39,8546
113,grid_-36.1_174.0,227,30529
114,grid_-40.9_176.0,49,9446
115,grid_-41.3_172.0,47,3157
116,grid_-43.5_171.6,32,11636
117,grid_-38.3_175.4,213,24777
118,grid_-38.7_177.8,346,18138
119,grid_-39.1_174.2,274,12467
120,grid_-42.1_173.8,23,3416
121,grid_-39.1_176.2,9,8993
122,grid_-43.9_171.6,297,33224
123,grid_-37.1_174.8,264,8594
124,grid_-43.9_171.0,11,4729
125,grid_-39.9_176.8,206,19336
126,grid_-39.9_176.4,147,29785
127,grid_-38.1_176.2,209,9726
128,grid_-44.9_171.0,211,25356
129,grid_-44.9_168.4,15,1612
130,grid_-39.1_177.8,53,2607
131,grid_-38.9_177.6,34,4824
132,grid_-38.5_174.6,28,2756
133,grid_-45.1_169.8,64,26273
134,grid_-45.9_170.4,148,4013
135,grid_-44.5_170.2,12,12280
136,grid_-40.7_176.2,66,11712
137,grid_-45.7_170.0,68,27599
138,grid_-44.3_169.4,1,138
139,grid_-46.7_169.2,22,2918
140,grid_-45.7_167.8,36,13034
141,grid_-43.1_170.8,8,498
142,grid_-44.5_169.4,5,802
143,grid_-35.7_173.8,78,7609
144,grid_-35.5_173.4,162,8468
145,grid_-43.7_170.4,2,77
146,grid_-43.1_171.6,6,3157
147,grid_-45.5_169.4,16,8239
148,grid_-43.3_172.2,165,14943
149,grid_-46.1_167.6,101,20662
150,grid_-35.9_173.6,109,13134
151,grid_-46.3_167.4,18,1418
152,grid_-44.3_170.8,162,26272
153,grid_-45.9_167.4,2,1078
154,grid_-39.9_177.0,13,570
155,grid_-46.7_169.6,13,1141
156,grid_-45.3_169.0,21,2325
157,grid_-35.1_173.0,55,3240
158,grid_-41.5_175.8,2,524
159,grid_-45.5_168.0,5,8086
160,grid_-39.1_174.0,153,4544
161,grid_-39.1_175.4,30,3456
162,grid_-39.9_174.8,161,12140
163,grid_-44.1_170.2,11,27977
164,grid_-35.5_173.0,4,415
165,grid_-46.1_168.6,95,24904
166,grid_-42.7_171.6,11,2105
167,grid_-35.5_174.2,62,3151
168,grid_-39.3_174.2,398,28648
169,grid_-44.1_169.0,2,49
170,grid_-43.9_172.2,339,24450
171,grid_-39.3_175.4,6,4763
172,grid_-36.3_173.8,50,4115
173,grid_-41.3_172.8,348,11204
174,grid_-41.9_171.6,43,2819
175,grid_-35.7_173.6,63,6559
176,grid_-42.7_173.0,74,14334
177,grid_-37.9_176.8,9,107
178,grid_-35.9_174.0,337,22060
179,grid_-45.1_168.0,1,72
180,grid_-43.1_173.0,65,11691
181,grid_-42.1_171.6,2,261
182,grid_-44.1_171.2,236,27943
183,grid_-37.1_175.4,5,132
184,grid_-35.7_173.2,13,424
185,grid_-44.3_169.8,25,5251
186,grid_-38.3_177.8,6,2356
187,grid_-46.1_167.8,119,25082
188,grid_-39.1_176.4,5,1264
189,grid_-40.3_176.0,324,26137
190,grid_-36.9_175.8,23,627
191,grid_-38.7_174.6,42,4164
192,grid_-42.7_172.8,63,13527
193,grid_-36.7_174.4,389,17060
194,grid_-38.7_175.2,86,14438
195,grid_-38.3_175.2,342,31928
196,grid_-45.9_170.6,128,4402
197,grid_-42.5_171.4,86,8903
198,grid_-40.5_175.4,431,29786
199,grid_-46.1_167.4,2,1854
200,grid_-38.5_175.2,100,19427
201,grid_-41.1_175.0,61,1257
202,grid_-39.5_174.6,11,389
203,grid_-46.7_168.6,34,4987
204,grid_-42.1_172.2,20,1581
205,grid_-38.1_176.4,80,5530
206,grid_-41.7_173.2,28,4834
207,grid_-45.9_169.4,44,10935
208,grid_-45.7_169.0,14,3818
209,grid_-38.1_177.4,52,1301
210,grid_-39.1_173.8,7,107
211,grid_-43.9_171.8,219,34250
212,grid_-41.7_175.4,8,431
213,grid_-46.1_169.4,109,21465
214,grid_-37.7_178.2,36,1547
215,grid_-42.9_173.0,63,16219
216,grid_-38.9_176.4,6,9688
217,grid_-39.5_176.2,5,2686
218,grid_-45.1_169.6,95,25413
219,grid_-37.5_174.6,84,7207
220,grid_-45.7_170.2,26,24739
221,grid_-40.9_175.0,183,7298
222,grid_-46.5_167.6,35,4646
223,grid_-37.7_175.8,319,8828
224,grid_-36.3_174.8,6,74
225,grid_-34.9_172.8,2,141
226,grid_-38.5_176.2,238,23123
227,grid_-44.9_168.0,1,67
228,grid_-41.7_173.4,91,7530
229,grid_-41.7_174.0,172,15099
230,grid_-38.1_174.6,11,1069
231,grid_-43.3_171.0,3,883
232,grid_-41.1_175.6,297,23036
233,grid_-34.9_173.2,7,2344
234,grid_-45.3_169.8,51,22199
235,grid_-45.7_168.2,72,17206
236,grid_-35.5_173.2,74,3901
237,grid_-39.7_176.8,438,11566
238,grid_-36.9_174.2,2,26
239,grid_-39.1_175.2,150,13065
240,grid_-44.5_168.8,4,518
241,grid_-40.1_176.8,63,10469
242,grid_-41.1_173.6,3,67
243,grid_-37.9_174.8,179,16948
244,grid_-39.5_175.8,4,3545
245,grid_-41.3_173.6,52,2669
246,grid_-37.1_175.2,32,2546
247,grid_-41.9_172.6,12,3125
248,grid_-42.9_172.6,99,19893
249,grid_-40.1_175.8,133,17059
250,grid_-38.3_176.6,1,248
251,grid_-44.1_171.4,186,36994
252,grid_-40.5_176.0,115,14632
253,grid_-42.1_171.8,37,4135
254,grid_-45.9_170.2,193,15301
255,grid_-41.3_175.6,104,13756
256,grid_-43.1_173.2,16,2102
257,grid_-35.3_174.0,75,4917
258,grid_-43.7_169.4,10,283
259,grid_-45.3_170.6,94,12412
260,grid_-46.3_168.8,246,28190
261,grid_-43.9_172.6,95,4974
262,grid_-40.3_175.4,520,30654
263,grid_-39.1_175.0,59,6477
264,grid_-43.7_171.6,245,31191
265,grid_-42.7_171.2,23,2055
266,grid_-41.5_174.6,1,5
267,grid_-46.3_169.4,134,27532
268,grid_-42.7_171.8,8,1493
269,grid_-42.7_171.4,49,8723
270,grid_-40.9_173.6,1,123
271,grid_-39.5_176.4,94,17363
272,grid_-45.7_169.8,8,9480
273,grid_-37.9_178.2,116,4814
274,grid_-40.7_172.6,36,2890
275,grid_-43.3_170.6,14,1402
276,grid_-44.5_168.6,2,165
277,grid_-40.1_175.2,287,23837
278,grid_-38.3_175.0,245,16691
279,grid_-38.9_177.4,56,8012
280,grid_-45.9_168.2,91,21884
281,grid_-45.7_169.4,45,17027
282,grid_-38.5_174.8,86,15963
283,grid_-44.3_170.0,52,17042
284,grid_-39.9_174.4,117,10346
285,grid_-38.7_176.2,93,20677
286,grid_-42.5_173.2,20,6718
287,grid_-39.1_174.8,35,2713
288,grid_-38.7_177.2,7,3728
289,grid_-39.7_174.2,276,17711
290,grid_-36.3_174.2,224,18692
291,grid_-43.7_171.2,21,8995
292,grid_-41.1_172.6,26,1142
293,grid_-45.3_168.2,3,4884
294,grid_-46.3_168.4,239,27556
295,grid_-44.1_170.8,122,20786
296,grid_-44.7_168.2,1,77
297,grid_-39.5_174.8,6,139
298,grid_-44.1_168.8,12,492
299,grid_-41.9_172.8,33,2082
300,grid_-38.5_177.4,65,13160
301,grid_-42.5_171.8,3,265
302,grid_-44.3_171.4,79,14009
303,grid_-41.5_172.6,70,5242
304,grid_-42.1_172.6,1,41
305,grid_-40.7_172.4,14,1589
306,grid_-43.3_171.4,7,5770
307,grid_-45.9_167.8,13,10594
308,grid_-37.9_178.4,67,1398
309,grid_-36.7_175.2,5,214
310,grid_-45.5_167.6,88,8851
311,grid_-44.3_170.4,12,11620
312,grid_-39.9_176.0,15,1946
313,grid_-44.7_170.2,16,7770
314,grid_-43.9_172.8,192,6800
315,grid_-36.7_175.4,28,945
316,grid_-37.5_175.4,288,20685
317,grid_-43.7_170.6,1,91
318,grid_-37.9_176.6,50,2334
319,grid_-41.3_174.8,42,2103
320,grid_-44.7_171.2,5,90
321,grid_-35.7_173.4,81,4436
322,grid_-41.3_175.8,47,4035
323,grid_-39.1_175.6,18,3056
324,grid_-45.7_168.8,16,10663
325,grid_-37.7_174.6,22,3091
326,grid_-42.7_170.8,1,17
327,grid_-34.7_172.8,31,7001
328,grid_-38.7_174.8,75,15546
329,grid_-40.1_175.4,262,25701
330,grid_-45.9_168.0,44,19974
331,grid_-43.7_169.6,10,1014
332,grid_-37.3_175.8,55,2793
333,grid_-41.3_173.0,209,5799
334,grid_-38.1_176.6,254,13851
335,grid_-39.9_176.2,64,18146
336,grid_-41.5_173.6,82,3063
337,grid_-46.3_168.2,338,29885
338,grid_-40.9_174.8,1,12
339,grid_-45.3_168.4,5,1767
340,grid_-38.9_175.4,43,6277
341,grid_-44.9_169.6,13,5332
342,grid_-41.1_174.8,55,2010
343,grid_-41.1_175.8,66,14200
344,grid_-41.9_173.6,17,3189
345,grid_-41.7_173.0,15,530
346,grid_-39.1_177.2,122,8178
347,grid_-37.1_174.6,59,2543
348,grid_-39.7_174.8,18,1158
349,grid_-43.9_170.4,17,9635
350,grid_-45.5_170.8,38,3477
351,grid_-38.3_177.0,117,7034
352,grid_-45.9_168.6,169,31205
353,grid_-41.3_175.4,258,25338
354,grid_-42.3_172.0,5,208
355,grid_-37.9_176.2,433,13777
356,grid_-46.3_168.0,245,30281
357,grid_-41.3_174.6,47,2291
358,grid_-40.7_175.4,101,7032
359,grid_-37.9_175.2,399,22254
360,grid_-40.3_175.6,394,28722
361,grid_-45.5_169.6,15,12505
362,grid_-37.7_178.4,13,156
363,grid_-44.7_170.0,16,10460
364,grid_-46.3_168.6,150,22837
365,grid_-37.7_175.2,397,33633
366,grid_-45.5_169.2,49,12405
367,grid_-44.9_168.2,34,2854
368,grid_-43.1_172.4,72,15183
369,grid_-41.9_173.4,17,930
370,grid_-36.3_174.6,156,8919
371,grid_-38.5_175.6,58,15324
372,grid_-42.1_173.0,1,263
373,grid_-43.9_171.4,188,33895
374,grid_-43.5_171.8,164,18026
375,grid_-38.9_177.0,17,3453
376,grid_-37.7_177.6,4,37
377,grid_-44.7_170.6,39,21647
378,grid_-45.3_168.6,4,953
379,grid_-45.9_169.2,122,27457
380,grid_-44.3_170.6,63,14749
381,grid_-44.7_171.0,194,27433
382,grid_-40.3_176.6,88,20994
383,grid_-44.9_169.4,37,11732
384,grid_-46.7_168.8,119,20744
385,grid_-41.7_175.2,2,130
386,grid_-35.3_173.2,270,14562
387,grid_-46.5_168.4,343,27437
388,grid_-38.1_176.8,349,17273
389,grid_-42.3_173.2,1,69
390,grid_-46.1_168.4,93,17407
391,grid_-40.7_175.6,230,23260
392,grid_-46.1_168.8,250,27169
393,grid_-43.1_172.6,227,25292
394,grid_-44.9_170.4,91,16899
395,grid_-36.9_175.6,126,6961
396,grid_-42.7_172.2,3,1482
397,grid_-39.1_174.6,52,3911
398,grid_-40.5_175.2,298,23670
399,grid_-41.3_174.0,17,842
400,grid_-40.1_175.0,170,11196
401,grid_-39.5_175.0,17,759
402,grid_-41.5_174.0,36,1892
403,grid_-41.1_175.4,351,19443
404,grid_-38.1_174.8,119,11418
405,grid_-45.9_167.6,23,12814
406,grid_-45.9_169.8,24,19682
407,grid_-42.7_173.2,34,11592
408,grid_-44.3_171.2,312,28809
409,grid_-39.9_175.0,151,5665
410,grid_-46.3_169.0,104,24233
411,grid_-46.1_169.6,127,20734
412,grid_-38.7_176.6,9,1559
413,grid_-42.9_172.0,4,2169
414,grid_-45.5_168.2,2,235
415,grid_-38.3_176.8,110,4740
416,grid_-39.5_176.8,119,5963
417,grid_-38.5_178.2,75,10614
418,grid_-41.5_173.0,351,8797
419,grid_-43.1_172.0,4,3685
420,grid_-44.9_168.8,13,2074
421,grid_-35.5_173.6,207,18772
422,grid_-39.5_174.4,123,9169
423,grid_-41.5_175.6,13,1185
424,grid_-36.9_175.2,2,39
425,grid_-44.3_169.6,1,2
426,grid_-43.7_172.8,48,3310
427,grid_-41.1_173.8,19,196
428,grid_-45.7_168.4,52,14530
429,grid_-35.9_174.4,144,6692
430,grid_-44.1_171.6,308,31839
431,grid_-42.3_173.6,11,298
432,grid_-42.9_172.8,115,25549
433,grid_-43.5_170.8,2,224
434,grid_-43.5_172.2,273,27635
435,grid_-42.3_173.8,13,1284
436,grid_-42.9_172.4,51,9487
437,grid_-41.5_173.4,9,262
438,grid_-37.3_174.8,699,22508
439,grid_-37.9_177.6,36,547
440,grid_-43.9_169.0,6,358
441,grid_-44.3_170.2,18,20035
442,grid_-46.5_169.2,27,10181
443,grid_-40.7_176.4,10,552
444,grid_-37.3_175.2,274,19600
445,grid_-45.5_168.8,2,1147
446,grid_-45.3_170.8,191,14129
447,grid_-41.3_174.2,3,95
448,grid_-35.9_174.2,284,16617
449,grid_-45.7_167.6,51,18124
450,grid_-39.7_174.0,188,12287
451,grid_-37.7_174.8,157,25923
452,grid_-44.9_169.2,157,14948
453,grid_-45.5_169.8,26,19583
454,grid_-39.5_176.0,8,16717
455,grid_-44.3_171.6,13,1447
456,grid_-38.3_177.4,18,3333
457,grid_-35.5_174.0,161,10991
458,grid_-38.9_176.0,16,1072
459,grid_-45.3_169.2,130,9650
460,grid_-46.5_169.6,148,19848
461,grid_-45.5_170.6,135,13168
462,grid_-45.5_169.0,1,901
463,grid_-36.3_174.0,152,13895
464,grid_-43.9_170.6,8,1637
465,grid_-38.1_178.0,16,2145
466,grid_-39.5_173.8,304,28064
467,grid_-41.9_172.2,55,3443
468,grid_-42.7_172.4,3,3650
469,grid_-41.9_173.0,7,273
470,grid_-38.7_175.0,121,15973
471,grid_-35.1_173.6,103,7323
472,grid_-41.3_176.0,19,2351
473,grid_-45.7_170.6,140,10386
474,grid_-37.9_176.4,300,16336
475,grid_-45.3_168.0,1,233
476,grid_-39.5_174.2,417,30705
477,grid_-35.1_173.8,36,4129
478,grid_-43.7_172.6,119,3928
479,grid_-45.1_168.4,8,916
480,grid_-36.3_175.4,14,328
481,grid_-45.1_170.6,169,27673
482,grid_-38.1_175.2,478,32536
483,grid_-36.5_174.8,3,19
484,grid_-40.7_172.2,2,195
485,grid_-44.5_170.4,11,8991
486,grid_-43.3_171.2,12,2782
487,grid_-43.1_172.8,122,22592
488,grid_-37.7_175.4,499,34521
489,grid_-38.5_176.6,109,9730
490,grid_-45.1_170.2,24,13099
491,grid_-44.7_170.8,50,9292
492,grid_-40.1_175.6,194,23575
493,grid_-40.9_172.6,98,6129
494,grid_-37.3_175.0,385,18801
495,grid_-38.3_174.6,48,3848
496,grid_-43.5_172.4,270,21100
497,grid_-37.7_177.8,40,1137
498,grid_-44.9_169.0,68,6337
499,grid_-44.7_169.6,8,3455
500,grid_-38.7_178.0,83,5627
501,grid_-43.7_173.0,25,888
502,grid_-35.3_173.0,54,2173
503,grid_-40.3_175.8,161,13525
504,grid_-45.1_169.4,35,12799
505,grid_-41.5_175.2,66,7299
506,grid_-38.9_177.2,43,8715
507,grid_-39.7_176.6,431,24280
508,grid_-45.3_169.4,121,12059
509,grid_-35.9_173.8,203,20189
510,grid_-44.5_169.8,33,24700
511,grid_-41.5_173.2,15,359
512,grid_-43.7_171.8,207,31303
513,grid_-42.3_171.8,16,782
514,grid_-39.5_175.4,75,10132
515,grid_-36.5_174.6,260,9181
516,grid_-37.5_175.0,318,21456
517,grid_-41.3_173.4,45,1668
518,grid_-42.5_172.2,3,231
519,grid_-41.7_171.6,5,527
520,grid_-38.7_177.4,42,12265
521,grid_-40.5_176.4,68,14195
522,grid_-44.1_172.0,34,6325
523,grid_-41.1_173.0,18,289
524,grid_-44.7_169.2,84,7637
525,grid_-40.9_175.6,198,20336
526,grid_-40.3_176.8,8,1727
527,grid_-42.5_173.4,43,3944
528,grid_-42.9_170.8,59,2691
529,grid_-35.5_174.4,8,121
530,grid_-38.5_178.0,33,3030
531,grid_-37.1_175.8,27,1119
532,grid_-42.9_171.6,5,165
533,grid_-38.1_175.4,426,28311
534,grid_-37.7_175.6,444,30924
535,grid_-43.5_170.0,34,3180
536,grid_-38.1_177.8,3,409
537,grid_-43.3_172.4,224,13379
538,grid_-35.3_173.6,119,7037
539,grid_-46.3_170.0,41,6228
540,grid_-40.9_175.2,55,1381
541,grid_-46.5_168.0,90,7513
542,grid_-45.5_168.6,34,9699
543,grid_-36.9_174.8,5,137
544,grid_-36.7_175.6,4,194
545,grid_-37.9_175.8,273,16377
546,grid_-38.3_176.0,150,12209
547,grid_-38.1_177.2,170,9171
548,grid_-41.1_174.0,6,145
549,grid_-39.3_177.2,5,46
550,grid_-45.5_168.4,12,2636
551,grid_-46.1_169.2,129,17745
552,grid_-38.9_177.8,74,5927
553,grid_-46.3_169.8,142,17018
554,grid_-45.5_170.4,29,19534
555,grid_-43.7_172.0,318,32797
556,grid_-41.3_175.2,192,20260
557,grid_-42.5_172.8,1,2
558,grid_-41.5_172.8,157,6919
559,grid_-42.5_171.0,2,26
560,grid_-36.3_174.4,399,24320
561,grid_-38.7_175.8,122,20965
562,grid_-40.1_176.6,160,26920
563,grid_-41.3_175.0,43,3125
564,grid_-43.5_170.4,1,16
565,grid_-46.1_170.0,187,11392
566,grid_-36.1_173.8,389,27725
567,grid_-38.5_177.6,55,9336
568,grid_-39.1_177.4,140,9223
569,grid_-38.5_175.8,76,11296
570,grid_-39.5_174.0,300,24422
571,grid_-37.7_178.0,22,2088
572,grid_-42.1_173.2,1,4054
573,grid_-43.3_170.4,62,6143
574,grid_-37.9_175.6,473,31944
575,grid_-35.7_174.4,111,3771
576,grid_-44.7_169.0,51,4406
577,grid_-45.5_167.8,63,20234
578,grid_-42.1_172.8,1,1561
579,grid_-42.7_172.6,25,7753
580,grid_-43.7_170.8,9,6518
581,grid_-37.1_175.0,307,10016
582,grid_-40.9_175.4,37,4276
583,grid_-38.5_176.0,146,14391
584,grid_-39.9_176.6,231,25775
585,grid_-41.7_173.8,260,12487
586,grid_-41.3_173.2,24,479
587,grid_-45.7_169.2,131,15727
588,grid_-39.1_176.6,2,790
589,grid_-44.1_168.4,2,439
590,grid_-44.9_170.0,4,926
591,grid_-36.5_175.2,2,148
592,grid_-40.5_175.8,261,20396
593,grid_-40.7_175.0,48,2310
594,grid_-42.5_172.4,1,174
595,grid_-39.7_174.6,17,1413
596,grid_-41.7_172.6,39,2528
597,grid_-37.9_178.0,20,569
598,grid_-40.9_172.2,5,674
599,grid_-41.1_176.0,55,7802
600,grid_-46.5_167.8,72,6868
601,grid_-38.1_175.6,396,31019
602,grid_-41.7_173.6,161,15634
603,grid_-45.3_167.8,2,2008
604,grid_-45.7_170.4,62,11088
605,grid_-41.3_172.2,4,112
606,grid_-44.1_170.0,4,710
607,grid_-39.3_174.0,329,17748
608,grid_-40.3_175.0,2,74
609,grid_-38.3_174.8,81,10132
610,grid_-38.9_174.6,35,1509
611,grid_-41.7_172.8,38,2206
612,grid_-38.5_177.0,3,59
613,grid_-46.5_168.2,252,14055
614,grid_-39.3_175.2,32,2245
615,grid_-38.7_175.6,40,9011
616,grid_-40.9_173.8,4,527
617,grid_-41.7_172.0,1,9
618,grid_-43.3_170.2,52,5946
619,grid_-43.5_171.4,20,6385
620,grid_-45.9_169.6,15,7502
621,grid_-41.1_172.8,114,5034
622,grid_-38.3_175.6,158,22590
623,grid_-46.1_170.4,23,355
624,grid_-46.3_167.6,102,14363
625,grid_-39.5_175.6,15,8032
626,grid_-38.5_175.0,253,25561
627,grid_-44.5_169.0,8,1750
628,grid_-42.3_171.2,11,1141
629,grid_-40.5_175.6,286,17465
630,grid_-41.9_171.4,51,8527
631,grid_-42.3_173.4,2,607
632,grid_-44.5_169.2,9,726
633,grid_-41.1_176.2,1,87
634,grid_-43.5_171.0,4,6003
635,grid_-42.9_171.8,1,10
636,grid_-42.9_171.4,21,1348
637,grid_-40.7_176.0,78,14182
638,grid_-43.9_171.2,130,24916
639,grid_-46.3_169.6,224,26584
640,grid_-44.5_170.0,22,11193
641,grid_-44.7_169.4,11,5828
642,grid_-40.1_174.8,16,726
643,grid_-42.9_173.2,121,15558
644,grid_-37.5_174.8,293,25260
645,grid_-37.5_175.2,283,19791
646,grid_-43.9_169.4,1,295
647,grid_-43.9_170.0,3,962
648,grid_-45.9_170.0,73,23784
649,grid_-41.5_175.0,37,6153
650,grid_-42.3_172.8,2,4
651,grid_-45.7_168.0,37,17788
652,grid_-40.1_176.2,259,31517
653,grid_-44.9_169.8,13,12022
654,grid_-45.3_170.2,50,25477
655,grid_-39.1_176.8,13,1992
656,grid_-42.9_172.2,7,3257
657,grid_-43.7_171.0,10,8829
658,grid_-44.5_170.6,26,15204
659,grid_-43.7_169.8,6,892
660,grid_-43.7_172.2,428,27364
661,grid_-36.9_175.4,49,1517
662,grid_-36.1_174.2,253,22311
663,grid_-39.9_175.4,52,4457
664,grid_-37.7_175.0,281,19822
665,grid_-43.3_172.0,82,8855
666,grid_-39.3_176.6,55,10696
667,grid_-43.3_172.6,312,17534
668,grid_-39.7_177.0,5,1456
669,grid_-39.3_177.8,36,3507
670,grid_-38.9_174.4,16,494
671,grid_-43.1_170.4,16,1728
672,grid_-42.9_170.6,5,96
673,grid_-37.3_175.6,146,6830
674,grid_-39.3_174.6,31,1934
675,grid_-41.9_173.8,56,9979
676,grid_-40.7_175.8,107,13188
677,grid_-41.5_175.4,50,7566
678,grid_-38.1_177.0,127,4932
679,grid_-36.7_174.6,190,6096
680,grid_-39.1_177.0,63,8646
681,grid_-35.3_173.4,131,9184
682,grid_-42.9_171.2,13,1514
683,grid_-40.9_172.8,78,2816
684,grid_-45.1_170.4,38,7683
685,grid_-39.3_177.0,28,5809
686,grid_-38.1_175.8,177,12587
687,grid_-42.5_171.2,39,1675
688,grid_-43.9_172.0,180,27221
689,grid_-44.5_171.2,141,6930
690,grid_-39.9_174.6,158,14685
691,grid_-38.9_176.2,6,5184
692,grid_-45.5_170.2,45,27957
693,grid_-42.1_173.4,5,3753
694,grid_-44.5_169.6,9,4384
695,grid_-45.1_171.0,103,12674
696,grid_-38.9_175.0,71,9321
697,grid_-43.7_171.4,133,18807
698,grid_-46.1_169.0,233,31870
699,grid_-46.5_169.0,47,11897
700,grid_-39.7_175.2,26,5277
701,grid_-42.5_173.6,108,5563
702,grid_-39.9_175.6,122,11035
703,grid_-45.9_168.4,143,28688
704,grid_-38.1_178.2,59,3389
705,grid_-44.1_170.4,19,14268
706,grid_-38.7_176.4,9,3324
707,grid_-44.9_170.2,9,1628
708,grid_-36.9_175.0,46,2593
709,grid_-46.5_169.4,67,13505
710,grid_-39.7_175.4,76,13751
711,grid_-43.9_173.0,84,3818
712,grid_-45.3_168.8,5,2668
713,grid_-45.3_169.6,46,20408
714,grid_-44.1_170.6,62,11026
715,grid_-46.3_169.2,117,27755
716,grid_-39.3_176.0,1,401
717,grid_-45.7_168.6,21,5903
718,grid_-38.3_178.2,40,1986
719,grid_-42.7_171.0,36,1613
720,grid_-38.5_177.2,8,1772
721,grid_-45.9_169.0,70,17589
722,grid_-38.7_176.0,183,20461
723,grid_-40.9_172.4,37,3419
724,grid_-42.5_172.0,8,1454
725,grid_-46.3_167.8,76,8030
726,grid_-37.7_176.2,9,233
727,grid_-43.7_172.4,436,15757
728,grid_-44.7_168.8,10,5347
729,grid_-40.1_176.4,295,30043
730,grid_-37.9_175.4,470,28953
731,grid_-44.9_170.8,130,24963
732,grid_-39.1_175.8,18,3181
733,grid_-44.9_170.6,76,22668
734,grid_-37.5_175.6,299,17876
735,grid_-37.3_174.6,468,17631
736,grid_-44.7_168.4,2,646
737,grid_-42.1_172.0,8,267
738,grid_-42.1_174.0,12,1937
739,grid_-41.9_171.8,11,1493
740,grid_-41.1_175.2,35,1604
741,grid_-46.7_168.4,25,3131
742,grid_-40.1_176.0,73,6180
743,grid_-35.3_173.8,280,19445
744,grid_-37.1_175.6,77,4253
745,grid_-38.7_175.4,13,5816
746,grid_-42.7_173.4,27,2701
747,grid_-38.7_178.2,19,1692
748,grid_-38.9_175.6,27,11386
749,grid_-39.7_175.6,152,17733
750,grid_-42.9_171.0,86,7213
751,grid_-39.3_176.4,33,5183
752,grid_-36.1_174.4,154,7543
753,grid_-43.9_172.4,108,4901
754,grid_-46.7_169.0,67,12741
755,grid_-39.7_175.0,47,1650
756,grid_-41.5_174.8,10,240
757,grid_-44.5_170.8,100,19926
758,grid_-42.3_171.6,69,7515
759,grid_-44.3_169.0,7,581
760,grid_-46.7_168.2,38,3008
761,grid_-39.9_175.2,82,6703
762,grid_-36.9_174.6,36,597
763,grid_-38.9_176.8,1,82
764,grid_-42.1_173.6,5,1106
765,grid_-39.7_173.8,44,2816
766,grid_-45.9_168.8,95,21946
767,grid_-42.3_171.4,9,1220
768,grid_-34.9_173.0,93,8480
769,grid_-46.1_168.0,173,29312
770,grid_-42.5_173.0,4,1579
771,grid_-45.1_168.2,4,2362
772,grid_-39.3_174.4,108,9146
773,grid_-38.3_175.8,166,16889
774,grid_-41.5_173.8,251,8636
775,grid_-37.5_175.8,199,10570
776,grid_-36.1_173.6,66,3984
777,grid_-43.5_170.2,4,272
778,grid_-39.9_175.8,153,14788
779,grid_-43.5_172.6,201,5884
780,grid_-38.3_177.2,1,9
781,grid_-39.1_174.4,116,4572
782,grid_-39.3_176.8,85,12355
